,file,name,r1_p,r1_r,r1_f,r2_p,r2_r,r2_f,rL_p,rL_r,rL_f
0,/home/fatimamh/Documents/ssr_results/fine_tuned/wiki/mt5/rouge.csv,ft,29.6767381137956,16.874859703819055,19.585339049103602,11.080713172252501,6.303698363211216,7.222199922057652,25.06338464536227,14.391839438815197,16.585442322681196
1,/home/fatimamh/Documents/ssr_results/component/se_re/wiki/mt5/bm/rouge.csv,ssr-bm,29.60570927513627,15.899090023382602,18.81819368667186,11.203324240062312,5.920929462197977,6.984731098986756,25.337761106780913,13.724980514419215,16.155286438035866
2,/home/fatimamh/Documents/ssr_results/component/se_re/wiki/mt5/ps/rouge.csv,ssr-ps,31.16359119251757,17.243106001558715,20.251547155105207,12.164493374902543,6.768374902572083,7.858324240062342,26.487443491816062,14.806063912704525,17.265500779423242
3,/home/fatimamh/Documents/ssr_results/component/se_re/wiki/mt5/rd/rouge.csv,ssr-rd,31.02998636009352,17.506562743569685,20.423220966484728,12.00202065471547,6.832893608729534,7.893485970381912,26.279682385034963,14.976434138737295,17.351541309430974
4,/home/fatimamh/Documents/ssr_results/component/se_re/wiki/mt5/st/rouge.csv,ssr-st,29.072741621200233,16.773355416991325,19.409308261886196,11.094113406079451,6.386249025720964,7.321897895557264,24.723144972720096,14.421551052221266,16.569314107560412
